id,web_image,art_image
@version,v1.1.0,
@back,千年藏珍_81张实体卡素材/统一卡背.png,
@overview,81张正面总览.jpg,
春秋战国-1-1,千年藏珍_81张实体卡素材/正面_PNG_含出血/春秋战国-1-1.png,千年藏珍_81张独立插画层/独立插画层/春秋战国-1-1_布币.png
春秋战国-1-2,千年藏珍_81张实体卡素材/正面_PNG_含出血/春秋战国-1-2.png,千年藏珍_81张独立插画层/独立插画层/春秋战国-1-2_布币.png
春秋战国-1-3,千年藏珍_81张实体卡素材/正面_PNG_含出血/春秋战国-1-3.png,千年藏珍_81张独立插画层/独立插画层/春秋战国-1-3_布币.png
春秋战国-2-1,千年藏珍_81张实体卡素材/正面_PNG_含出血/春秋战国-2-1.png,千年藏珍_81张独立插画层/独立插画层/春秋战国-2-1_莲鹤方壶.png
春秋战国-2-2,千年藏珍_81张实体卡素材/正面_PNG_含出血/春秋战国-2-2.png,千年藏珍_81张独立插画层/独立插画层/春秋战国-2-2_莲鹤方壶.png
春秋战国-2-3,千年藏珍_81张实体卡素材/正面_PNG_含出血/春秋战国-2-3.png,千年藏珍_81张独立插画层/独立插画层/春秋战国-2-3_莲鹤方壶.png
春秋战国-3-1,千年藏珍_81张实体卡素材/正面_PNG_含出血/春秋战国-3-1.png,千年藏珍_81张独立插画层/独立插画层/春秋战国-3-1_曾侯乙编钟.png
春秋战国-3-2,千年藏珍_81张实体卡素材/正面_PNG_含出血/春秋战国-3-2.png,千年藏珍_81张独立插画层/独立插画层/春秋战国-3-2_曾侯乙编钟.png
春秋战国-4-1,千年藏珍_81张实体卡素材/正面_PNG_含出血/春秋战国-4-1.png,千年藏珍_81张独立插画层/独立插画层/春秋战国-4-1_越王勾践剑.png
秦-1-1,千年藏珍_81张实体卡素材/正面_PNG_含出血/秦-1-1.png,千年藏珍_81张独立插画层/独立插画层/秦-1-1_半两钱.png
秦-1-2,千年藏珍_81张实体卡素材/正面_PNG_含出血/秦-1-2.png,千年藏珍_81张独立插画层/独立插画层/秦-1-2_半两钱.png
秦-1-3,千年藏珍_81张实体卡素材/正面_PNG_含出血/秦-1-3.png,千年藏珍_81张独立插画层/独立插画层/秦-1-3_半两钱.png
秦-2-1,千年藏珍_81张实体卡素材/正面_PNG_含出血/秦-2-1.png,千年藏珍_81张独立插画层/独立插画层/秦-2-1_秦陵铜车马.png
秦-2-2,千年藏珍_81张实体卡素材/正面_PNG_含出血/秦-2-2.png,千年藏珍_81张独立插画层/独立插画层/秦-2-2_秦陵铜车马.png
秦-2-3,千年藏珍_81张实体卡素材/正面_PNG_含出血/秦-2-3.png,千年藏珍_81张独立插画层/独立插画层/秦-2-3_秦陵铜车马.png
秦-3-1,千年藏珍_81张实体卡素材/正面_PNG_含出血/秦-3-1.png,千年藏珍_81张独立插画层/独立插画层/秦-3-1_秦俑将军俑.png
秦-3-2,千年藏珍_81张实体卡素材/正面_PNG_含出血/秦-3-2.png,千年藏珍_81张独立插画层/独立插画层/秦-3-2_秦俑将军俑.png
秦-4-1,千年藏珍_81张实体卡素材/正面_PNG_含出血/秦-4-1.png,千年藏珍_81张独立插画层/独立插画层/秦-4-1_传国玉玺.png
汉-1-1,千年藏珍_81张实体卡素材/正面_PNG_含出血/汉-1-1.png,千年藏珍_81张独立插画层/独立插画层/汉-1-1_五铢钱.png
汉-1-2,千年藏珍_81张实体卡素材/正面_PNG_含出血/汉-1-2.png,千年藏珍_81张独立插画层/独立插画层/汉-1-2_五铢钱.png
汉-1-3,千年藏珍_81张实体卡素材/正面_PNG_含出血/汉-1-3.png,千年藏珍_81张独立插画层/独立插画层/汉-1-3_五铢钱.png
汉-2-1,千年藏珍_81张实体卡素材/正面_PNG_含出血/汉-2-1.png,千年藏珍_81张独立插画层/独立插画层/汉-2-1_长信宫灯.png
汉-2-2,千年藏珍_81张实体卡素材/正面_PNG_含出血/汉-2-2.png,千年藏珍_81张独立插画层/独立插画层/汉-2-2_长信宫灯.png
汉-2-3,千年藏珍_81张实体卡素材/正面_PNG_含出血/汉-2-3.png,千年藏珍_81张独立插画层/独立插画层/汉-2-3_长信宫灯.png
汉-3-1,千年藏珍_81张实体卡素材/正面_PNG_含出血/汉-3-1.png,千年藏珍_81张独立插画层/独立插画层/汉-3-1_马王堆帛画.png
汉-3-2,千年藏珍_81张实体卡素材/正面_PNG_含出血/汉-3-2.png,千年藏珍_81张独立插画层/独立插画层/汉-3-2_马王堆帛画.png
汉-4-1,千年藏珍_81张实体卡素材/正面_PNG_含出血/汉-4-1.png,千年藏珍_81张独立插画层/独立插画层/汉-4-1_金缕玉衣.png
三国-1-1,千年藏珍_81张实体卡素材/正面_PNG_含出血/三国-1-1.png,千年藏珍_81张独立插画层/独立插画层/三国-1-1_太平道符.png
三国-1-2,千年藏珍_81张实体卡素材/正面_PNG_含出血/三国-1-2.png,千年藏珍_81张独立插画层/独立插画层/三国-1-2_太平道符.png
三国-1-3,千年藏珍_81张实体卡素材/正面_PNG_含出血/三国-1-3.png,千年藏珍_81张独立插画层/独立插画层/三国-1-3_太平道符.png
三国-2-1,千年藏珍_81张实体卡素材/正面_PNG_含出血/三国-2-1.png,千年藏珍_81张独立插画层/独立插画层/三国-2-1_铜雀台瓦砚.png
三国-2-2,千年藏珍_81张实体卡素材/正面_PNG_含出血/三国-2-2.png,千年藏珍_81张独立插画层/独立插画层/三国-2-2_铜雀台瓦砚.png
三国-2-3,千年藏珍_81张实体卡素材/正面_PNG_含出血/三国-2-3.png,千年藏珍_81张独立插画层/独立插画层/三国-2-3_铜雀台瓦砚.png
三国-3-1,千年藏珍_81张实体卡素材/正面_PNG_含出血/三国-3-1.png,千年藏珍_81张独立插画层/独立插画层/三国-3-1_青釭剑.png
三国-3-2,千年藏珍_81张实体卡素材/正面_PNG_含出血/三国-3-2.png,千年藏珍_81张独立插画层/独立插画层/三国-3-2_青釭剑.png
三国-4-1,千年藏珍_81张实体卡素材/正面_PNG_含出血/三国-4-1.png,千年藏珍_81张独立插画层/独立插画层/三国-4-1_的卢马.png
唐-1-1,千年藏珍_81张实体卡素材/正面_PNG_含出血/唐-1-1.png,千年藏珍_81张独立插画层/独立插画层/唐-1-1_开元通宝.png
唐-1-2,千年藏珍_81张实体卡素材/正面_PNG_含出血/唐-1-2.png,千年藏珍_81张独立插画层/独立插画层/唐-1-2_开元通宝.png
唐-1-3,千年藏珍_81张实体卡素材/正面_PNG_含出血/唐-1-3.png,千年藏珍_81张独立插画层/独立插画层/唐-1-3_开元通宝.png
唐-2-1,千年藏珍_81张实体卡素材/正面_PNG_含出血/唐-2-1.png,千年藏珍_81张独立插画层/独立插画层/唐-2-1_唐三彩骆驼.png
唐-2-2,千年藏珍_81张实体卡素材/正面_PNG_含出血/唐-2-2.png,千年藏珍_81张独立插画层/独立插画层/唐-2-2_唐三彩骆驼.png
唐-2-3,千年藏珍_81张实体卡素材/正面_PNG_含出血/唐-2-3.png,千年藏珍_81张独立插画层/独立插画层/唐-2-3_唐三彩骆驼.png
唐-3-1,千年藏珍_81张实体卡素材/正面_PNG_含出血/唐-3-1.png,千年藏珍_81张独立插画层/独立插画层/唐-3-1_簪花仕女图.png
唐-3-2,千年藏珍_81张实体卡素材/正面_PNG_含出血/唐-3-2.png,千年藏珍_81张独立插画层/独立插画层/唐-3-2_簪花仕女图.png
唐-4-1,千年藏珍_81张实体卡素材/正面_PNG_含出血/唐-4-1.png,千年藏珍_81张独立插画层/独立插画层/唐-4-1_兰亭序真迹.png
宋-1-1,千年藏珍_81张实体卡素材/正面_PNG_含出血/宋-1-1.png,千年藏珍_81张独立插画层/独立插画层/宋-1-1_交子.png
宋-1-2,千年藏珍_81张实体卡素材/正面_PNG_含出血/宋-1-2.png,千年藏珍_81张独立插画层/独立插画层/宋-1-2_交子.png
宋-1-3,千年藏珍_81张实体卡素材/正面_PNG_含出血/宋-1-3.png,千年藏珍_81张独立插画层/独立插画层/宋-1-3_交子.png
宋-2-1,千年藏珍_81张实体卡素材/正面_PNG_含出血/宋-2-1.png,千年藏珍_81张独立插画层/独立插画层/宋-2-1_汝窑天青釉洗.png
宋-2-2,千年藏珍_81张实体卡素材/正面_PNG_含出血/宋-2-2.png,千年藏珍_81张独立插画层/独立插画层/宋-2-2_汝窑天青釉洗.png
宋-2-3,千年藏珍_81张实体卡素材/正面_PNG_含出血/宋-2-3.png,千年藏珍_81张独立插画层/独立插画层/宋-2-3_汝窑天青釉洗.png
宋-3-1,千年藏珍_81张实体卡素材/正面_PNG_含出血/宋-3-1.png,千年藏珍_81张独立插画层/独立插画层/宋-3-1_清明上河图.png
宋-3-2,千年藏珍_81张实体卡素材/正面_PNG_含出血/宋-3-2.png,千年藏珍_81张独立插画层/独立插画层/宋-3-2_清明上河图.png
宋-4-1,千年藏珍_81张实体卡素材/正面_PNG_含出血/宋-4-1.png,千年藏珍_81张独立插画层/独立插画层/宋-4-1_苏轼寒食帖.png
元-1-1,千年藏珍_81张实体卡素材/正面_PNG_含出血/元-1-1.png,千年藏珍_81张独立插画层/独立插画层/元-1-1_中统元宝交钞.png
元-1-2,千年藏珍_81张实体卡素材/正面_PNG_含出血/元-1-2.png,千年藏珍_81张独立插画层/独立插画层/元-1-2_中统元宝交钞.png
元-1-3,千年藏珍_81张实体卡素材/正面_PNG_含出血/元-1-3.png,千年藏珍_81张独立插画层/独立插画层/元-1-3_中统元宝交钞.png
元-2-1,千年藏珍_81张实体卡素材/正面_PNG_含出血/元-2-1.png,千年藏珍_81张独立插画层/独立插画层/元-2-1_青花鬼谷子下山罐.png
元-2-2,千年藏珍_81张实体卡素材/正面_PNG_含出血/元-2-2.png,千年藏珍_81张独立插画层/独立插画层/元-2-2_青花鬼谷子下山罐.png
元-2-3,千年藏珍_81张实体卡素材/正面_PNG_含出血/元-2-3.png,千年藏珍_81张独立插画层/独立插画层/元-2-3_青花鬼谷子下山罐.png
元-3-1,千年藏珍_81张实体卡素材/正面_PNG_含出血/元-3-1.png,千年藏珍_81张独立插画层/独立插画层/元-3-1_萧何追韩信梅瓶.png
元-3-2,千年藏珍_81张实体卡素材/正面_PNG_含出血/元-3-2.png,千年藏珍_81张独立插画层/独立插画层/元-3-2_萧何追韩信梅瓶.png
元-4-1,千年藏珍_81张实体卡素材/正面_PNG_含出血/元-4-1.png,千年藏珍_81张独立插画层/独立插画层/元-4-1_富春山居图.png
明-1-1,千年藏珍_81张实体卡素材/正面_PNG_含出血/明-1-1.png,千年藏珍_81张独立插画层/独立插画层/明-1-1_大明宝钞.png
明-1-2,千年藏珍_81张实体卡素材/正面_PNG_含出血/明-1-2.png,千年藏珍_81张独立插画层/独立插画层/明-1-2_大明宝钞.png
明-1-3,千年藏珍_81张实体卡素材/正面_PNG_含出血/明-1-3.png,千年藏珍_81张独立插画层/独立插画层/明-1-3_大明宝钞.png
明-2-1,千年藏珍_81张实体卡素材/正面_PNG_含出血/明-2-1.png,千年藏珍_81张独立插画层/独立插画层/明-2-1_成化斗彩鸡缸杯.png
明-2-2,千年藏珍_81张实体卡素材/正面_PNG_含出血/明-2-2.png,千年藏珍_81张独立插画层/独立插画层/明-2-2_成化斗彩鸡缸杯.png
明-2-3,千年藏珍_81张实体卡素材/正面_PNG_含出血/明-2-3.png,千年藏珍_81张独立插画层/独立插画层/明-2-3_成化斗彩鸡缸杯.png
明-3-1,千年藏珍_81张实体卡素材/正面_PNG_含出血/明-3-1.png,千年藏珍_81张独立插画层/独立插画层/明-3-1_永乐大典.png
明-3-2,千年藏珍_81张实体卡素材/正面_PNG_含出血/明-3-2.png,千年藏珍_81张独立插画层/独立插画层/明-3-2_永乐大典.png
明-4-1,千年藏珍_81张实体卡素材/正面_PNG_含出血/明-4-1.png,千年藏珍_81张独立插画层/独立插画层/明-4-1_万历金翼善冠.png
民国-1-1,千年藏珍_81张实体卡素材/正面_PNG_含出血/民国-1-1.png,千年藏珍_81张独立插画层/独立插画层/民国-1-1_袁大头.png
民国-1-2,千年藏珍_81张实体卡素材/正面_PNG_含出血/民国-1-2.png,千年藏珍_81张独立插画层/独立插画层/民国-1-2_袁大头.png
民国-1-3,千年藏珍_81张实体卡素材/正面_PNG_含出血/民国-1-3.png,千年藏珍_81张独立插画层/独立插画层/民国-1-3_袁大头.png
民国-2-1,千年藏珍_81张实体卡素材/正面_PNG_含出血/民国-2-1.png,千年藏珍_81张独立插画层/独立插画层/民国-2-1_中山装.png
民国-2-2,千年藏珍_81张实体卡素材/正面_PNG_含出血/民国-2-2.png,千年藏珍_81张独立插画层/独立插画层/民国-2-2_中山装.png
民国-2-3,千年藏珍_81张实体卡素材/正面_PNG_含出血/民国-2-3.png,千年藏珍_81张独立插画层/独立插画层/民国-2-3_中山装.png
民国-3-1,千年藏珍_81张实体卡素材/正面_PNG_含出血/民国-3-1.png,千年藏珍_81张独立插画层/独立插画层/民国-3-1_张大千泼墨山水.png
民国-3-2,千年藏珍_81张实体卡素材/正面_PNG_含出血/民国-3-2.png,千年藏珍_81张独立插画层/独立插画层/民国-3-2_张大千泼墨山水.png
民国-4-1,千年藏珍_81张实体卡素材/正面_PNG_含出血/民国-4-1.png,千年藏珍_81张独立插画层/独立插画层/民国-4-1_翠玉白菜.png
